{
    "ModToolComponent" : {
                            "DisplayNameLocalizationId" : "GAMEPLAY_Binoculars",
                            "DescriptionLocalizatonId" : "GAMEPLAY_BinocularsDescription",
                            "InventoryActionLocalizationId" : "",
                            "WeightKG": 0.8,
                            "DaysToDecay" : 0,
                            "MaxHP" : 100,
                            "InitialCondition" : "Perfect",
                            "InventoryCategory" : "Tool",
                            "Radial" : "None",
                            "PickUpAudio" : "Play_DrawRifle",
                            "PutBackAudio" : "Play_DrawRifle",
                            "StowAudio" : "Play_InventoryStow",
                            "WornOutAudio" : "",
                            "InspectOnPickup" : true,
                            "InspectDistance" : 0.4,
                            "InspectAngles" : [-15, 60, -25],
                            "InspectOffset" : [0, 0, 0],
                            "InspectScale" :  [1, 1, 1],
                            "NormalModel" : "",
                            "InspectModel" : "",
                            
                            "EquippedModelPrefab" : "Equippable_Binoculars",
                            "ImplementationType" : "Binoculars.Implementation",
                            "EquippingAudio" : "Play_DrawRifle",

                            "ToolType" : "None",
                            "DegradeOnUse" : 0.0,
                            "Usage" : "All",
                            "SkillBonus" : 0,
                            "CraftingTimeMultiplier" : 1.0,
                            "DegradePerHourCrafting" : 0.0,
                            "BreakDown" : false,
                            "BreakDownTimeMultiplier" : 1.0,
                            "ForceLocks" : false,
                            "ForceLockAudio" : "",
                            "IceFishingHole" : false,
                            "IceFishingHoleDegradeOnUse" : 0.0,
                            "IceFishingHoleMinutes" : 30,
                            "IceFishingHoleAudio" : "",
                            "CarcassHarvesting" : false,
                            "MinutesPerKgMeat" : 10,
                            "MinutesPerKgFrozenMeat" : 10,
                            "MinutesPerHide" : 30,
                            "MinutesPerGut" : 30,
                            "DegradePerHourHarvesting" : 0.0,
                            "StruggleBonus" : false,
                            "DamageMultiplier" : 1.0,
                            "FleeChanceMultiplier" : 1.0,
                            "TapMultiplier" : 1.0,
                            "CanPuncture" : false,
                            "BleedoutMultiplier" : 1.0
    },
    "ModFireStarterComponent" : {
                                "DestroyedOnUse" : false,
                                "NumberOfUses" : 0,
                                "OnUseSoundEvent" : "",
                                "RequiresSunLight" : true,
                                "RuinedAfterUse" : false,
                                "SecondsToIgniteTinder" : 10,
                                "SecondsToIgniteTorch" : 10,
                                "SuccessModifier" : 0
                            }
}